{
  "project_info": {
    "project_number": "613982493639",
    "firebase_url": "https://fir-auth-cd1ad-default-rtdb.firebaseio.com",
    "project_id": "fir-auth-cd1ad",
    "storage_bucket": "fir-auth-cd1ad.appspot.com"
  },
  "client": [
    {
      "client_info": {
        "mobilesdk_app_id": "1:613982493639:android:62f909070255d782a6d7e2",
        "android_client_info": {
          "package_name": "com.example.firebase_app"
        }
      },
      "oauth_client": [
        {
          "client_id": "613982493639-17hsst2r817fhhblr4149a8n4uimdmon.apps.googleusercontent.com",
          "client_type": 3
        }
      ],
      "api_key": [
        {
          "current_key": "AIzaSyDgbvXE6XwSP0Fk1xxVeQp0nX_qlgoZuXw"
        }
      ],
      "services": {
        "appinvite_service": {
          "other_platform_oauth_client": [
            {
              "client_id": "613982493639-17hsst2r817fhhblr4149a8n4uimdmon.apps.googleusercontent.com",
              "client_type": 3
            }
          ]
        }
      }
    },
    {
      "client_info": {
        "mobilesdk_app_id": "1:613982493639:android:22c972ba31e325cda6d7e2",
        "android_client_info": {
          "package_name": "com.example.firebase_application"
        }
      },
      "oauth_client": [
        {
          "client_id": "613982493639-17hsst2r817fhhblr4149a8n4uimdmon.apps.googleusercontent.com",
          "client_type": 3
        }
      ],
      "api_key": [
        {
          "current_key": "AIzaSyDgbvXE6XwSP0Fk1xxVeQp0nX_qlgoZuXw"
        }
      ],
      "services": {
        "appinvite_service": {
          "other_platform_oauth_client": [
            {
              "client_id": "613982493639-17hsst2r817fhhblr4149a8n4uimdmon.apps.googleusercontent.com",
              "client_type": 3
            }
          ]
        }
      }
    }
  ],
  "configuration_version": "1"
}